AL, https://growtherapy.com/therapists/al
AK, https://growtherapy.com/therapists/ak
AZ, https://growtherapy.com/therapists/az
AR, https://growtherapy.com/therapists/ar
CA, https://growtherapy.com/therapists/ca
CO, https://growtherapy.com/therapists/co
CT, https://growtherapy.com/therapists/ct
DE, https://growtherapy.com/therapists/de
DC, https://growtherapy.com/therapists/dc
FL, https://growtherapy.com/therapists/fl
GA, https://growtherapy.com/therapists/ga
HI, https://growtherapy.com/therapists/hi
IL, https://growtherapy.com/therapists/il
IN, https://growtherapy.com/therapists/in
IA, https://growtherapy.com/therapists/ia
KS, https://growtherapy.com/therapists/ks
KY, https://growtherapy.com/therapists/ky
LA, https://growtherapy.com/therapists/la
ME, https://growtherapy.com/therapists/me
MD, https://growtherapy.com/therapists/md
MA, https://growtherapy.com/therapists/ma
MI, https://growtherapy.com/therapists/mi
MN, https://growtherapy.com/therapists/mn
MS, https://growtherapy.com/therapists/ms
MO, https://growtherapy.com/therapists/mo
MT, https://growtherapy.com/therapists/mt
NV, https://growtherapy.com/therapists/nv
NH, https://growtherapy.com/therapists/nh
NJ, https://growtherapy.com/therapists/nj
NM, https://growtherapy.com/therapists/nm
NY, https://growtherapy.com/therapists/ny
NC, https://growtherapy.com/therapists/nc
OH, https://growtherapy.com/therapists/oh
OK, https://growtherapy.com/therapists/ok
OR, https://growtherapy.com/therapists/or
PA, https://growtherapy.com/therapists/pa
RI, https://growtherapy.com/therapists/ri
SC, https://growtherapy.com/therapists/sc
TN, https://growtherapy.com/therapists/tn
TX, https://growtherapy.com/therapists/tx
UT, https://growtherapy.com/therapists/ut
VT, https://growtherapy.com/therapists/vt
VA, https://growtherapy.com/therapists/va
WA, https://growtherapy.com/therapists/wa
WV, https://growtherapy.com/therapists/wv
WI, https://growtherapy.com/therapists/wi
WY, https://growtherapy.com/therapists/wy